,date_year,date_month,date_day,price,fare_type,date
0,2019,05,07,1284.8,standard_lowfare,2019-05-07
1,2019,05,07,1051.7,standard_lowfare,2019-05-07
2,2019,05,07,1254.5,standard_lowfare,2019-05-07
0,2019,05,08,1126.5,standard_lowfare,2019-05-08
1,2019,05,08,904.2,standard_lowfare,2019-05-08
2,2019,05,08,1227.7,standard_lowfare,2019-05-08
3,2019,05,08,1126.5,standard_lowfare,2019-05-08
0,2019,05,09,985.7,standard_lowfare,2019-05-09
1,2019,05,09,985.7,standard_lowfare,2019-05-09
2,2019,05,09,1030.5,standard_lowfare,2019-05-09
3,2019,05,09,685.6,standard_lowfare,2019-05-09
4,2019,05,09,957.8,standard_lowfare,2019-05-09
0,2019,05,11,650.0,standard_lowfare,2019-05-11
1,2019,05,11,1020.0,standard_lowfare,2019-05-11
2,2019,05,11,1020.0,standard_lowfare,2019-05-11
3,2019,05,11,1031.1,standard_lowfare,2019-05-11
4,2019,05,11,1020.0,standard_lowfare,2019-05-11
5,2019,05,11,680.4,standard_lowfare,2019-05-11
6,2019,05,11,501.5,standard_lowfare,2019-05-11
7,2019,05,11,680.4,standard_lowfare,2019-05-11
8,2019,05,11,1006.6,standard_lowfare,2019-05-11
0,2019,05,12,843.7,standard_lowfare,2019-05-12
1,2019,05,12,509.0,standard_lowfare,2019-05-12
2,2019,05,12,888.9,standard_lowfare,2019-05-12
3,2019,05,12,837.7,standard_lowfare,2019-05-12
4,2019,05,12,493.8,standard_lowfare,2019-05-12
0,2019,05,13,614.9,standard_lowfare,2019-05-13
1,2019,05,13,486.2,standard_lowfare,2019-05-13
2,2019,05,13,551.5,standard_lowfare,2019-05-13
3,2019,05,13,486.2,standard_lowfare,2019-05-13
0,2019,05,14,479.9,standard_lowfare,2019-05-14
1,2019,05,14,950.0,standard_lowfare,2019-05-14
2,2019,05,14,478.7,standard_lowfare,2019-05-14
3,2019,05,14,1051.7,standard_lowfare,2019-05-14
4,2019,05,14,1051.7,standard_lowfare,2019-05-14
5,2019,05,14,478.7,standard_lowfare,2019-05-14
0,2019,05,15,692.7,standard_lowfare,2019-05-15
1,2019,05,15,509.0,standard_lowfare,2019-05-15
2,2019,05,15,883.0,standard_lowfare,2019-05-15
3,2019,05,15,740.3,standard_lowfare,2019-05-15
4,2019,05,15,540.8,standard_lowfare,2019-05-15
5,2019,05,15,651.0,standard_lowfare,2019-05-15
6,2019,05,15,706.2,standard_lowfare,2019-05-15
0,2019,05,16,574.2,standard_lowfare,2019-05-16
1,2019,05,16,761.2,standard_lowfare,2019-05-16
2,2019,05,16,807.0,standard_lowfare,2019-05-16
3,2019,05,16,829.4,standard_lowfare,2019-05-16
4,2019,05,16,855.5,standard_lowfare,2019-05-16
5,2019,05,16,619.7,standard_lowfare,2019-05-16
6,2019,05,16,761.2,standard_lowfare,2019-05-16
0,2019,05,18,630.4,standard_lowfare,2019-05-18
1,2019,05,18,1090.0,standard_lowfare,2019-05-18
2,2019,05,18,1214.1,standard_lowfare,2019-05-18
3,2019,05,18,1211.1,standard_lowfare,2019-05-18
4,2019,05,18,1135.8,standard_lowfare,2019-05-18
5,2019,05,18,706.2,standard_lowfare,2019-05-18
6,2019,05,18,627.7,standard_lowfare,2019-05-18
7,2019,05,18,630.4,standard_lowfare,2019-05-18
8,2019,05,18,1076.6,standard_lowfare,2019-05-18
0,2019,05,19,527.7,standard_lowfare,2019-05-19
1,2019,05,19,551.4,standard_lowfare,2019-05-19
2,2019,05,19,527.7,standard_lowfare,2019-05-19
3,2019,05,19,527.7,standard_lowfare,2019-05-19
4,2019,05,19,528.7,standard_lowfare,2019-05-19
0,2019,05,20,659.9,standard_lowfare,2019-05-20
1,2019,05,20,478.7,standard_lowfare,2019-05-20
2,2019,05,20,540.8,standard_lowfare,2019-05-20
3,2019,05,20,478.7,standard_lowfare,2019-05-20
0,2019,05,21,524.9,standard_lowfare,2019-05-21
1,2019,05,21,596.6,standard_lowfare,2019-05-21
2,2019,05,21,478.7,standard_lowfare,2019-05-21
3,2019,05,21,610.0,standard_lowfare,2019-05-21
4,2019,05,21,711.7,standard_lowfare,2019-05-21
5,2019,05,21,478.7,standard_lowfare,2019-05-21
0,2019,05,22,673.2,standard_lowfare,2019-05-22
1,2019,05,22,589.3,standard_lowfare,2019-05-22
2,2019,05,22,720.8,standard_lowfare,2019-05-22
3,2019,05,22,720.8,standard_lowfare,2019-05-22
4,2019,05,22,580.8,standard_lowfare,2019-05-22
5,2019,05,22,657.7,standard_lowfare,2019-05-22
6,2019,05,22,650.0,standard_lowfare,2019-05-22
0,2019,05,23,756.2,standard_lowfare,2019-05-23
1,2019,05,23,711.2,standard_lowfare,2019-05-23
2,2019,05,23,733.6,standard_lowfare,2019-05-23
3,2019,05,23,722.4,standard_lowfare,2019-05-23
4,2019,05,23,862.8,standard_lowfare,2019-05-23
5,2019,05,23,868.4,standard_lowfare,2019-05-23
6,2019,05,23,700.0,standard_lowfare,2019-05-23
0,2019,05,24,749.9,standard_lowfare,2019-05-24
0,2019,05,25,630.4,standard_lowfare,2019-05-25
1,2019,05,25,596.6,standard_lowfare,2019-05-25
2,2019,05,25,596.6,standard_lowfare,2019-05-25
3,2019,05,25,915.5,standard_lowfare,2019-05-25
4,2019,05,25,596.6,standard_lowfare,2019-05-25
5,2019,05,25,630.4,standard_lowfare,2019-05-25
6,2019,05,25,748.1,standard_lowfare,2019-05-25
7,2019,05,25,584.8,standard_lowfare,2019-05-25
8,2019,05,25,596.6,standard_lowfare,2019-05-25
0,2019,05,26,747.7,standard_lowfare,2019-05-26
1,2019,05,26,551.4,standard_lowfare,2019-05-26
2,2019,05,26,747.7,standard_lowfare,2019-05-26
3,2019,05,26,747.7,standard_lowfare,2019-05-26
4,2019,05,26,528.7,standard_lowfare,2019-05-26
0,2019,05,27,569.9,standard_lowfare,2019-05-27
1,2019,05,27,528.7,standard_lowfare,2019-05-27
2,2019,05,27,580.8,standard_lowfare,2019-05-27
3,2019,05,27,528.7,standard_lowfare,2019-05-27
0,2019,05,28,434.9,standard_lowfare,2019-05-28
1,2019,05,28,722.4,standard_lowfare,2019-05-28
2,2019,05,28,528.7,standard_lowfare,2019-05-28
3,2019,05,28,733.6,standard_lowfare,2019-05-28
4,2019,05,28,810.8,standard_lowfare,2019-05-28
5,2019,05,28,528.7,standard_lowfare,2019-05-28
0,2019,05,29,787.0,standard_lowfare,2019-05-29
1,2019,05,29,598.7,standard_lowfare,2019-05-29
2,2019,05,29,787.0,standard_lowfare,2019-05-29
3,2019,05,29,540.8,standard_lowfare,2019-05-29
4,2019,05,29,598.7,standard_lowfare,2019-05-29
0,2019,05,30,543.8,standard_lowfare,2019-05-30
1,2019,05,30,671.2,standard_lowfare,2019-05-30
2,2019,05,30,646.6,standard_lowfare,2019-05-30
3,2019,05,30,865.6,standard_lowfare,2019-05-30
4,2019,05,30,543.8,standard_lowfare,2019-05-30
5,2019,05,30,646.6,standard_lowfare,2019-05-30
0,2019,05,31,569.9,standard_lowfare,2019-05-31
0,2019,06,01,850.7,standard_lowfare,2019-06-01
1,2019,06,01,646.6,standard_lowfare,2019-06-01
2,2019,06,01,646.6,standard_lowfare,2019-06-01
3,2019,06,01,1169.6,standard_lowfare,2019-06-01
4,2019,06,01,646.6,standard_lowfare,2019-06-01
5,2019,06,01,1008.4,standard_lowfare,2019-06-01
6,2019,06,01,809.0,standard_lowfare,2019-06-01
7,2019,06,01,790.0,standard_lowfare,2019-06-01
8,2019,06,01,646.6,standard_lowfare,2019-06-01
0,2019,06,02,837.7,standard_lowfare,2019-06-02
1,2019,06,02,644.2,standard_lowfare,2019-06-02
2,2019,06,02,837.7,standard_lowfare,2019-06-02
3,2019,06,02,837.7,standard_lowfare,2019-06-02
4,2019,06,02,629.0,standard_lowfare,2019-06-02
0,2019,06,03,524.9,standard_lowfare,2019-06-03
1,2019,06,03,598.7,standard_lowfare,2019-06-03
2,2019,06,03,540.8,standard_lowfare,2019-06-03
3,2019,06,03,598.7,standard_lowfare,2019-06-03
0,2019,06,04,569.9,standard_lowfare,2019-06-04
1,2019,06,04,646.6,standard_lowfare,2019-06-04
2,2019,06,04,528.7,standard_lowfare,2019-06-04
3,2019,06,04,646.6,standard_lowfare,2019-06-04
4,2019,06,04,739.4,standard_lowfare,2019-06-04
5,2019,06,04,505.8,standard_lowfare,2019-06-04
0,2019,06,05,663.7,standard_lowfare,2019-06-05
1,2019,06,05,528.7,standard_lowfare,2019-06-05
2,2019,06,05,673.2,standard_lowfare,2019-06-05
3,2019,06,05,657.7,standard_lowfare,2019-06-05
4,2019,06,05,630.8,standard_lowfare,2019-06-05
5,2019,06,05,657.7,standard_lowfare,2019-06-05
6,2019,06,05,528.7,standard_lowfare,2019-06-05
0,2019,06,06,543.8,standard_lowfare,2019-06-06
1,2019,06,06,736.6,standard_lowfare,2019-06-06
2,2019,06,06,750.0,standard_lowfare,2019-06-06
3,2019,06,06,736.6,standard_lowfare,2019-06-06
4,2019,06,06,682.8,standard_lowfare,2019-06-06
5,2019,06,06,536.2,standard_lowfare,2019-06-06
6,2019,06,06,736.6,standard_lowfare,2019-06-06
0,2019,06,07,569.9,standard_lowfare,2019-06-07
0,2019,06,08,644.2,standard_lowfare,2019-06-08
1,2019,06,08,736.6,standard_lowfare,2019-06-08
2,2019,06,08,736.6,standard_lowfare,2019-06-08
3,2019,06,08,962.6,standard_lowfare,2019-06-08
4,2019,06,08,736.6,standard_lowfare,2019-06-08
5,2019,06,08,621.4,standard_lowfare,2019-06-08
6,2019,06,08,889.5,standard_lowfare,2019-06-08
7,2019,06,08,613.8,standard_lowfare,2019-06-08
8,2019,06,08,736.6,standard_lowfare,2019-06-08
0,2019,06,09,747.7,standard_lowfare,2019-06-09
1,2019,06,09,659.3,standard_lowfare,2019-06-09
2,2019,06,09,747.7,standard_lowfare,2019-06-09
3,2019,06,09,621.4,standard_lowfare,2019-06-09
0,2019,06,10,569.9,standard_lowfare,2019-06-10
1,2019,06,10,598.7,standard_lowfare,2019-06-10
2,2019,06,10,630.8,standard_lowfare,2019-06-10
3,2019,06,10,598.7,standard_lowfare,2019-06-10
0,2019,06,11,659.9,standard_lowfare,2019-06-11
1,2019,06,11,736.6,standard_lowfare,2019-06-11
2,2019,06,11,598.7,standard_lowfare,2019-06-11
3,2019,06,11,761.2,standard_lowfare,2019-06-11
4,2019,06,11,736.6,standard_lowfare,2019-06-11
5,2019,06,11,575.8,standard_lowfare,2019-06-11
0,2019,06,12,797.7,standard_lowfare,2019-06-12
1,2019,06,12,598.7,standard_lowfare,2019-06-12
2,2019,06,12,797.7,standard_lowfare,2019-06-12
3,2019,06,12,797.7,standard_lowfare,2019-06-12
4,2019,06,12,770.8,standard_lowfare,2019-06-12
5,2019,06,12,797.7,standard_lowfare,2019-06-12
6,2019,06,12,598.7,standard_lowfare,2019-06-12
0,2019,06,13,761.4,standard_lowfare,2019-06-13
1,2019,06,13,736.6,standard_lowfare,2019-06-13
2,2019,06,13,761.2,standard_lowfare,2019-06-13
3,2019,06,13,736.6,standard_lowfare,2019-06-13
4,2019,06,13,667.1,standard_lowfare,2019-06-13
5,2019,06,13,738.7,standard_lowfare,2019-06-13
6,2019,06,13,736.6,standard_lowfare,2019-06-13
0,2019,06,15,826.6,standard_lowfare,2019-06-15
1,2019,06,15,784.2,standard_lowfare,2019-06-15
2,2019,06,15,851.2,standard_lowfare,2019-06-15
3,2019,06,15,774.2,standard_lowfare,2019-06-15
4,2019,06,15,753.8,standard_lowfare,2019-06-15
5,2019,06,15,761.1,standard_lowfare,2019-06-15
6,2019,06,15,851.2,standard_lowfare,2019-06-15
7,2019,06,15,753.8,standard_lowfare,2019-06-15
0,2019,06,16,621.4,standard_lowfare,2019-06-16
1,2019,06,16,797.7,standard_lowfare,2019-06-16
2,2019,06,16,797.7,standard_lowfare,2019-06-16
3,2019,06,16,598.7,standard_lowfare,2019-06-16
0,2019,06,17,614.9,standard_lowfare,2019-06-17
1,2019,06,17,598.7,standard_lowfare,2019-06-17
2,2019,06,17,730.8,standard_lowfare,2019-06-17
3,2019,06,17,575.8,standard_lowfare,2019-06-17
0,2019,06,18,524.9,standard_lowfare,2019-06-18
1,2019,06,18,598.7,standard_lowfare,2019-06-18
2,2019,06,18,851.2,standard_lowfare,2019-06-18
3,2019,06,18,598.7,standard_lowfare,2019-06-18
0,2019,06,19,708.9,standard_lowfare,2019-06-19
1,2019,06,19,598.7,standard_lowfare,2019-06-19
2,2019,06,19,720.8,standard_lowfare,2019-06-19
3,2019,06,19,695.8,standard_lowfare,2019-06-19
4,2019,06,19,685.1,standard_lowfare,2019-06-19
5,2019,06,19,598.7,standard_lowfare,2019-06-19
0,2019,06,20,659.3,standard_lowfare,2019-06-20
1,2019,06,20,596.6,standard_lowfare,2019-06-20
2,2019,06,20,596.6,standard_lowfare,2019-06-20
3,2019,06,20,635.7,standard_lowfare,2019-06-20
4,2019,06,20,598.7,standard_lowfare,2019-06-20
0,2019,06,21,524.9,standard_lowfare,2019-06-21
0,2019,06,22,466.6,standard_lowfare,2019-06-22
1,2019,06,22,644.2,standard_lowfare,2019-06-22
2,2019,06,22,491.2,standard_lowfare,2019-06-22
3,2019,06,22,714.2,standard_lowfare,2019-06-22
4,2019,06,22,613.8,standard_lowfare,2019-06-22
5,2019,06,22,761.1,standard_lowfare,2019-06-22
6,2019,06,22,466.6,standard_lowfare,2019-06-22
7,2019,06,22,613.8,standard_lowfare,2019-06-22
0,2019,06,23,551.4,standard_lowfare,2019-06-23
1,2019,06,23,528.9,standard_lowfare,2019-06-23
2,2019,06,23,483.7,standard_lowfare,2019-06-23
3,2019,06,23,528.7,standard_lowfare,2019-06-23
0,2019,06,24,434.9,standard_lowfare,2019-06-24
1,2019,06,24,528.7,standard_lowfare,2019-06-24
2,2019,06,24,630.8,standard_lowfare,2019-06-24
3,2019,06,24,528.7,standard_lowfare,2019-06-24
0,2019,06,25,524.9,standard_lowfare,2019-06-25
1,2019,06,25,505.8,standard_lowfare,2019-06-25
2,2019,06,25,646.6,standard_lowfare,2019-06-25
3,2019,06,25,528.7,standard_lowfare,2019-06-25
0,2019,06,26,438.9,standard_lowfare,2019-06-26
1,2019,06,26,528.7,standard_lowfare,2019-06-26
2,2019,06,26,438.9,standard_lowfare,2019-06-26
3,2019,06,26,645.8,standard_lowfare,2019-06-26
4,2019,06,26,393.7,standard_lowfare,2019-06-26
5,2019,06,26,528.7,standard_lowfare,2019-06-26
0,2019,06,27,598.7,standard_lowfare,2019-06-27
1,2019,06,27,376.6,standard_lowfare,2019-06-27
2,2019,06,27,376.6,standard_lowfare,2019-06-27
3,2019,06,27,651.4,standard_lowfare,2019-06-27
4,2019,06,27,598.7,standard_lowfare,2019-06-27
0,2019,06,28,479.9,standard_lowfare,2019-06-28
0,2019,06,29,390.0,standard_lowfare,2019-06-29
1,2019,06,29,574.2,standard_lowfare,2019-06-29
2,2019,06,29,376.6,standard_lowfare,2019-06-29
3,2019,06,29,654.2,standard_lowfare,2019-06-29
4,2019,06,29,543.8,standard_lowfare,2019-06-29
5,2019,06,29,745.8,standard_lowfare,2019-06-29
6,2019,06,29,376.6,standard_lowfare,2019-06-29
7,2019,06,29,543.8,standard_lowfare,2019-06-29
0,2019,06,30,501.4,standard_lowfare,2019-06-30
1,2019,06,30,567.7,standard_lowfare,2019-06-30
2,2019,06,30,567.7,standard_lowfare,2019-06-30
3,2019,06,30,478.7,standard_lowfare,2019-06-30
0,2019,07,01,479.9,standard_lowfare,2019-07-01
1,2019,07,01,478.7,standard_lowfare,2019-07-01
2,2019,07,01,540.8,standard_lowfare,2019-07-01
3,2019,07,01,455.8,standard_lowfare,2019-07-01
0,2019,07,02,344.9,standard_lowfare,2019-07-02
1,2019,07,02,486.2,standard_lowfare,2019-07-02
2,2019,07,02,621.2,standard_lowfare,2019-07-02
3,2019,07,02,455.8,standard_lowfare,2019-07-02
0,2019,07,03,477.7,standard_lowfare,2019-07-03
1,2019,07,03,478.7,standard_lowfare,2019-07-03
2,2019,07,03,477.7,standard_lowfare,2019-07-03
3,2019,07,03,630.8,standard_lowfare,2019-07-03
4,2019,07,03,477.7,standard_lowfare,2019-07-03
5,2019,07,03,478.7,standard_lowfare,2019-07-03
0,2019,07,04,524.2,standard_lowfare,2019-07-04
1,2019,07,04,466.6,standard_lowfare,2019-07-04
2,2019,07,04,466.6,standard_lowfare,2019-07-04
3,2019,07,04,515.7,standard_lowfare,2019-07-04
4,2019,07,04,478.7,standard_lowfare,2019-07-04
0,2019,07,05,389.9,standard_lowfare,2019-07-05
0,2019,07,06,430.0,standard_lowfare,2019-07-06
1,2019,07,06,484.2,standard_lowfare,2019-07-06
2,2019,07,06,403.8,standard_lowfare,2019-07-06
3,2019,07,06,441.2,standard_lowfare,2019-07-06
4,2019,07,06,534.2,standard_lowfare,2019-07-06
5,2019,07,06,453.8,standard_lowfare,2019-07-06
6,2019,07,06,431.1,standard_lowfare,2019-07-06
7,2019,07,06,416.6,standard_lowfare,2019-07-06
8,2019,07,06,453.8,standard_lowfare,2019-07-06
0,2019,07,07,461.4,standard_lowfare,2019-07-07
1,2019,07,07,477.7,standard_lowfare,2019-07-07
2,2019,07,07,477.7,standard_lowfare,2019-07-07
3,2019,07,07,446.2,standard_lowfare,2019-07-07
0,2019,07,08,434.9,standard_lowfare,2019-07-08
1,2019,07,08,438.7,standard_lowfare,2019-07-08
2,2019,07,08,455.8,standard_lowfare,2019-07-08
3,2019,07,08,415.8,standard_lowfare,2019-07-08
0,2019,07,09,344.9,standard_lowfare,2019-07-09
1,2019,07,09,446.2,standard_lowfare,2019-07-09
2,2019,07,09,376.6,standard_lowfare,2019-07-09
3,2019,07,09,438.7,standard_lowfare,2019-07-09
0,2019,07,10,567.7,standard_lowfare,2019-07-10
1,2019,07,10,461.4,standard_lowfare,2019-07-10
2,2019,07,10,567.7,standard_lowfare,2019-07-10
3,2019,07,10,536.3,standard_lowfare,2019-07-10
4,2019,07,10,567.7,standard_lowfare,2019-07-10
5,2019,07,10,446.2,standard_lowfare,2019-07-10
0,2019,07,11,484.2,standard_lowfare,2019-07-11
1,2019,07,11,376.6,standard_lowfare,2019-07-11
2,2019,07,11,390.0,standard_lowfare,2019-07-11
3,2019,07,11,487.1,standard_lowfare,2019-07-11
4,2019,07,11,469.0,standard_lowfare,2019-07-11
0,2019,07,12,704.9,standard_lowfare,2019-07-12
0,2019,07,13,390.0,standard_lowfare,2019-07-13
1,2019,07,13,484.2,standard_lowfare,2019-07-13
2,2019,07,13,376.6,standard_lowfare,2019-07-13
3,2019,07,13,505.6,standard_lowfare,2019-07-13
4,2019,07,13,469.0,standard_lowfare,2019-07-13
5,2019,07,13,601.5,standard_lowfare,2019-07-13
6,2019,07,13,376.6,standard_lowfare,2019-07-13
7,2019,07,13,453.8,standard_lowfare,2019-07-13
0,2019,07,14,666.2,standard_lowfare,2019-07-14
1,2019,07,14,527.7,standard_lowfare,2019-07-14
2,2019,07,14,403.8,standard_lowfare,2019-07-14
3,2019,07,14,527.7,standard_lowfare,2019-07-14
4,2019,07,14,461.4,standard_lowfare,2019-07-14
0,2019,07,15,389.9,standard_lowfare,2019-07-15
1,2019,07,15,476.6,standard_lowfare,2019-07-15
2,2019,07,15,446.3,standard_lowfare,2019-07-15
3,2019,07,15,438.7,standard_lowfare,2019-07-15
0,2019,07,16,344.9,standard_lowfare,2019-07-16
1,2019,07,16,453.8,standard_lowfare,2019-07-16
2,2019,07,16,376.6,standard_lowfare,2019-07-16
3,2019,07,16,453.8,standard_lowfare,2019-07-16
0,2019,07,17,527.7,standard_lowfare,2019-07-17
1,2019,07,17,469.0,standard_lowfare,2019-07-17
2,2019,07,17,527.7,standard_lowfare,2019-07-17
3,2019,07,17,406.3,standard_lowfare,2019-07-17
4,2019,07,17,527.7,standard_lowfare,2019-07-17
5,2019,07,17,461.4,standard_lowfare,2019-07-17
0,2019,07,18,514.5,standard_lowfare,2019-07-18
1,2019,07,18,416.6,standard_lowfare,2019-07-18
2,2019,07,18,416.6,standard_lowfare,2019-07-18
3,2019,07,18,565.6,standard_lowfare,2019-07-18
4,2019,07,18,499.3,standard_lowfare,2019-07-18
0,2019,07,19,434.9,standard_lowfare,2019-07-19
0,2019,07,20,621.2,standard_lowfare,2019-07-20
1,2019,07,20,499.3,standard_lowfare,2019-07-20
2,2019,07,20,419.0,standard_lowfare,2019-07-20
3,2019,07,20,596.6,standard_lowfare,2019-07-20
4,2019,07,20,575.5,standard_lowfare,2019-07-20
5,2019,07,20,484.2,standard_lowfare,2019-07-20
6,2019,07,20,592.9,standard_lowfare,2019-07-20
7,2019,07,20,596.6,standard_lowfare,2019-07-20
8,2019,07,20,469.0,standard_lowfare,2019-07-20
0,2019,07,21,499.3,standard_lowfare,2019-07-21
1,2019,07,21,707.7,standard_lowfare,2019-07-21
2,2019,07,21,707.7,standard_lowfare,2019-07-21
3,2019,07,21,469.0,standard_lowfare,2019-07-21
0,2019,07,22,479.9,standard_lowfare,2019-07-22
1,2019,07,22,514.5,standard_lowfare,2019-07-22
2,2019,07,22,406.3,standard_lowfare,2019-07-22
3,2019,07,22,476.6,standard_lowfare,2019-07-22
0,2019,07,23,344.9,standard_lowfare,2019-07-23
1,2019,07,23,514.5,standard_lowfare,2019-07-23
2,2019,07,23,596.6,standard_lowfare,2019-07-23
3,2019,07,23,484.2,standard_lowfare,2019-07-23
0,2019,07,24,657.7,standard_lowfare,2019-07-24
1,2019,07,24,529.7,standard_lowfare,2019-07-24
2,2019,07,24,657.7,standard_lowfare,2019-07-24
3,2019,07,24,516.7,standard_lowfare,2019-07-24
4,2019,07,24,657.7,standard_lowfare,2019-07-24
5,2019,07,24,499.3,standard_lowfare,2019-07-24
0,2019,07,25,529.7,standard_lowfare,2019-07-25
1,2019,07,25,556.6,standard_lowfare,2019-07-25
2,2019,07,25,556.6,standard_lowfare,2019-07-25
3,2019,07,25,497.0,standard_lowfare,2019-07-25
4,2019,07,25,529.7,standard_lowfare,2019-07-25
0,2019,07,26,614.9,standard_lowfare,2019-07-26
0,2019,07,27,790.0,standard_lowfare,2019-07-27
1,2019,07,27,449.3,standard_lowfare,2019-07-27
2,2019,07,27,409.3,standard_lowfare,2019-07-27
3,2019,07,27,776.6,standard_lowfare,2019-07-27
4,2019,07,27,622.6,standard_lowfare,2019-07-27
5,2019,07,27,449.3,standard_lowfare,2019-07-27
6,2019,07,27,492.0,standard_lowfare,2019-07-27
7,2019,07,27,776.6,standard_lowfare,2019-07-27
8,2019,07,27,449.3,standard_lowfare,2019-07-27
0,2019,07,28,514.5,standard_lowfare,2019-07-28
1,2019,07,28,527.7,standard_lowfare,2019-07-28
2,2019,07,28,527.7,standard_lowfare,2019-07-28
3,2019,07,28,484.2,standard_lowfare,2019-07-28
0,2019,07,29,524.9,standard_lowfare,2019-07-29
1,2019,07,29,514.5,standard_lowfare,2019-07-29
2,2019,07,29,421.5,standard_lowfare,2019-07-29
3,2019,07,29,499.3,standard_lowfare,2019-07-29
0,2019,07,30,299.9,standard_lowfare,2019-07-30
1,2019,07,30,479.7,standard_lowfare,2019-07-30
2,2019,07,30,466.6,standard_lowfare,2019-07-30
3,2019,07,30,426.6,standard_lowfare,2019-07-30
0,2019,07,31,747.7,standard_lowfare,2019-07-31
1,2019,07,31,554.5,standard_lowfare,2019-07-31
2,2019,07,31,747.7,standard_lowfare,2019-07-31
3,2019,07,31,476.7,standard_lowfare,2019-07-31
4,2019,07,31,747.7,standard_lowfare,2019-07-31
5,2019,07,31,524.2,standard_lowfare,2019-07-31
0,2019,08,01,569.7,standard_lowfare,2019-08-01
1,2019,08,01,506.6,standard_lowfare,2019-08-01
2,2019,08,01,506.6,standard_lowfare,2019-08-01
3,2019,08,01,644.1,standard_lowfare,2019-08-01
4,2019,08,01,554.5,standard_lowfare,2019-08-01
0,2019,08,02,479.9,standard_lowfare,2019-08-02
0,2019,08,03,520.0,standard_lowfare,2019-08-03
1,2019,08,03,499.3,standard_lowfare,2019-08-03
2,2019,08,03,411.4,standard_lowfare,2019-08-03
3,2019,08,03,520.0,standard_lowfare,2019-08-03
4,2019,08,03,675.5,standard_lowfare,2019-08-03
5,2019,08,03,469.0,standard_lowfare,2019-08-03
6,2019,08,03,516.7,standard_lowfare,2019-08-03
7,2019,08,03,506.6,standard_lowfare,2019-08-03
8,2019,08,03,461.4,standard_lowfare,2019-08-03
0,2019,08,04,449.3,standard_lowfare,2019-08-04
1,2019,08,04,617.7,standard_lowfare,2019-08-04
2,2019,08,04,617.7,standard_lowfare,2019-08-04
3,2019,08,04,419.0,standard_lowfare,2019-08-04
0,2019,08,05,434.9,standard_lowfare,2019-08-05
1,2019,08,05,419.0,standard_lowfare,2019-08-05
2,2019,08,05,421.5,standard_lowfare,2019-08-05
3,2019,08,05,403.8,standard_lowfare,2019-08-05
0,2019,08,06,344.9,standard_lowfare,2019-08-06
1,2019,08,06,379.0,standard_lowfare,2019-08-06
2,2019,08,06,416.6,standard_lowfare,2019-08-06
3,2019,08,06,371.4,standard_lowfare,2019-08-06
0,2019,08,07,567.7,standard_lowfare,2019-08-07
1,2019,08,07,499.3,standard_lowfare,2019-08-07
2,2019,08,07,567.7,standard_lowfare,2019-08-07
3,2019,08,07,471.1,standard_lowfare,2019-08-07
4,2019,08,07,567.7,standard_lowfare,2019-08-07
5,2019,08,07,484.2,standard_lowfare,2019-08-07
0,2019,08,08,554.5,standard_lowfare,2019-08-08
1,2019,08,08,376.6,standard_lowfare,2019-08-08
2,2019,08,08,376.6,standard_lowfare,2019-08-08
3,2019,08,08,597.0,standard_lowfare,2019-08-08
4,2019,08,08,539.3,standard_lowfare,2019-08-08
0,2019,08,09,434.9,standard_lowfare,2019-08-09
0,2019,08,10,484.2,standard_lowfare,2019-08-10
1,2019,08,10,596.6,standard_lowfare,2019-08-10
2,2019,08,10,403.8,standard_lowfare,2019-08-10
3,2019,08,10,596.6,standard_lowfare,2019-08-10
4,2019,08,10,644.1,standard_lowfare,2019-08-10
5,2019,08,10,596.6,standard_lowfare,2019-08-10
6,2019,08,10,453.8,standard_lowfare,2019-08-10
7,2019,08,10,486.3,standard_lowfare,2019-08-10
8,2019,08,10,453.8,standard_lowfare,2019-08-10
9,2019,08,10,596.6,standard_lowfare,2019-08-10
0,2019,08,11,527.7,standard_lowfare,2019-08-11
1,2019,08,11,411.4,standard_lowfare,2019-08-11
2,2019,08,11,527.7,standard_lowfare,2019-08-11
3,2019,08,11,527.7,standard_lowfare,2019-08-11
4,2019,08,11,388.7,standard_lowfare,2019-08-11
0,2019,08,12,344.9,standard_lowfare,2019-08-12
1,2019,08,12,438.7,standard_lowfare,2019-08-12
2,2019,08,12,455.8,standard_lowfare,2019-08-12
3,2019,08,12,415.8,standard_lowfare,2019-08-12
0,2019,08,13,254.9,standard_lowfare,2019-08-13
1,2019,08,13,326.6,standard_lowfare,2019-08-13
2,2019,08,13,438.7,standard_lowfare,2019-08-13
3,2019,08,13,326.6,standard_lowfare,2019-08-13
4,2019,08,13,326.6,standard_lowfare,2019-08-13
5,2019,08,13,415.8,standard_lowfare,2019-08-13
0,2019,08,14,527.7,standard_lowfare,2019-08-14
1,2019,08,14,478.7,standard_lowfare,2019-08-14
2,2019,08,14,527.7,standard_lowfare,2019-08-14
3,2019,08,14,527.7,standard_lowfare,2019-08-14
4,2019,08,14,505.8,standard_lowfare,2019-08-14
5,2019,08,14,527.7,standard_lowfare,2019-08-14
6,2019,08,14,486.2,standard_lowfare,2019-08-14
0,2019,08,15,516.6,standard_lowfare,2019-08-15
1,2019,08,15,466.6,standard_lowfare,2019-08-15
2,2019,08,15,466.6,standard_lowfare,2019-08-15
3,2019,08,15,466.6,standard_lowfare,2019-08-15
4,2019,08,15,638.5,standard_lowfare,2019-08-15
5,2019,08,15,486.2,standard_lowfare,2019-08-15
6,2019,08,15,466.6,standard_lowfare,2019-08-15
0,2019,08,16,434.9,standard_lowfare,2019-08-16
0,2019,08,17,524.2,standard_lowfare,2019-08-17
1,2019,08,17,506.6,standard_lowfare,2019-08-17
2,2019,08,17,403.8,standard_lowfare,2019-08-17
3,2019,08,17,506.6,standard_lowfare,2019-08-17
4,2019,08,17,534.2,standard_lowfare,2019-08-17
5,2019,08,17,506.6,standard_lowfare,2019-08-17
6,2019,08,17,493.8,standard_lowfare,2019-08-17
7,2019,08,17,555.8,standard_lowfare,2019-08-17
8,2019,08,17,493.8,standard_lowfare,2019-08-17
9,2019,08,17,506.6,standard_lowfare,2019-08-17
0,2019,08,18,477.7,standard_lowfare,2019-08-18
1,2019,08,18,461.4,standard_lowfare,2019-08-18
2,2019,08,18,477.7,standard_lowfare,2019-08-18
3,2019,08,18,477.7,standard_lowfare,2019-08-18
4,2019,08,18,415.8,standard_lowfare,2019-08-18
0,2019,08,19,299.9,standard_lowfare,2019-08-19
1,2019,08,19,455.8,standard_lowfare,2019-08-19
2,2019,08,19,505.8,standard_lowfare,2019-08-19
3,2019,08,19,455.8,standard_lowfare,2019-08-19
0,2019,08,20,299.9,standard_lowfare,2019-08-20
1,2019,08,20,416.6,standard_lowfare,2019-08-20
2,2019,08,20,455.8,standard_lowfare,2019-08-20
3,2019,08,20,416.6,standard_lowfare,2019-08-20
4,2019,08,20,416.6,standard_lowfare,2019-08-20
5,2019,08,20,455.8,standard_lowfare,2019-08-20
0,2019,08,21,387.7,standard_lowfare,2019-08-21
1,2019,08,21,478.7,standard_lowfare,2019-08-21
2,2019,08,21,387.7,standard_lowfare,2019-08-21
3,2019,08,21,387.7,standard_lowfare,2019-08-21
4,2019,08,21,555.8,standard_lowfare,2019-08-21
5,2019,08,21,363.9,standard_lowfare,2019-08-21
6,2019,08,21,455.8,standard_lowfare,2019-08-21
0,2019,08,22,493.8,standard_lowfare,2019-08-22
1,2019,08,22,466.6,standard_lowfare,2019-08-22
2,2019,08,22,466.6,standard_lowfare,2019-08-22
3,2019,08,22,466.6,standard_lowfare,2019-08-22
4,2019,08,22,455.7,standard_lowfare,2019-08-22
5,2019,08,22,478.7,standard_lowfare,2019-08-22
6,2019,08,22,466.6,standard_lowfare,2019-08-22
0,2019,08,23,389.9,standard_lowfare,2019-08-23
0,2019,08,24,574.2,standard_lowfare,2019-08-24
1,2019,08,24,466.6,standard_lowfare,2019-08-24
2,2019,08,24,466.6,standard_lowfare,2019-08-24
3,2019,08,24,682.8,standard_lowfare,2019-08-24
4,2019,08,24,448.7,standard_lowfare,2019-08-24
5,2019,08,24,543.8,standard_lowfare,2019-08-24
6,2019,08,24,611.1,standard_lowfare,2019-08-24
7,2019,08,24,543.8,standard_lowfare,2019-08-24
8,2019,08,24,448.7,standard_lowfare,2019-08-24
0,2019,08,25,453.9,standard_lowfare,2019-08-25
1,2019,08,25,551.4,standard_lowfare,2019-08-25
2,2019,08,25,453.9,standard_lowfare,2019-08-25
3,2019,08,25,453.9,standard_lowfare,2019-08-25
4,2019,08,25,505.8,standard_lowfare,2019-08-25
0,2019,08,26,344.9,standard_lowfare,2019-08-26
1,2019,08,26,505.8,standard_lowfare,2019-08-26
2,2019,08,26,645.8,standard_lowfare,2019-08-26
3,2019,08,26,505.8,standard_lowfare,2019-08-26
0,2019,08,27,299.9,standard_lowfare,2019-08-27
1,2019,08,27,358.7,standard_lowfare,2019-08-27
2,2019,08,27,455.8,standard_lowfare,2019-08-27
3,2019,08,27,376.6,standard_lowfare,2019-08-27
4,2019,08,27,376.6,standard_lowfare,2019-08-27
5,2019,08,27,455.8,standard_lowfare,2019-08-27
0,2019,08,28,437.7,standard_lowfare,2019-08-28
1,2019,08,28,505.8,standard_lowfare,2019-08-28
2,2019,08,28,437.7,standard_lowfare,2019-08-28
3,2019,08,28,437.7,standard_lowfare,2019-08-28
4,2019,08,28,595.8,standard_lowfare,2019-08-28
5,2019,08,28,413.9,standard_lowfare,2019-08-28
6,2019,08,28,505.8,standard_lowfare,2019-08-28
0,2019,08,29,598.7,standard_lowfare,2019-08-29
1,2019,08,29,376.6,standard_lowfare,2019-08-29
2,2019,08,29,376.6,standard_lowfare,2019-08-29
3,2019,08,29,376.6,standard_lowfare,2019-08-29
4,2019,08,29,711.4,standard_lowfare,2019-08-29
5,2019,08,29,598.7,standard_lowfare,2019-08-29
6,2019,08,29,376.6,standard_lowfare,2019-08-29
0,2019,08,30,389.9,standard_lowfare,2019-08-30
0,2019,08,31,644.2,standard_lowfare,2019-08-31
1,2019,08,31,506.6,standard_lowfare,2019-08-31
2,2019,08,31,506.6,standard_lowfare,2019-08-31
3,2019,08,31,745.6,standard_lowfare,2019-08-31
4,2019,08,31,506.6,standard_lowfare,2019-08-31
5,2019,08,31,613.8,standard_lowfare,2019-08-31
6,2019,08,31,611.1,standard_lowfare,2019-08-31
7,2019,08,31,613.8,standard_lowfare,2019-08-31
8,2019,08,31,506.6,standard_lowfare,2019-08-31
0,2019,09,01,503.9,standard_lowfare,2019-09-01
1,2019,09,01,501.4,standard_lowfare,2019-09-01
2,2019,09,01,527.7,standard_lowfare,2019-09-01
3,2019,09,01,503.9,standard_lowfare,2019-09-01
4,2019,09,01,478.7,standard_lowfare,2019-09-01
0,2019,09,02,299.9,standard_lowfare,2019-09-02
1,2019,09,02,415.8,standard_lowfare,2019-09-02
2,2019,09,02,555.8,standard_lowfare,2019-09-02
3,2019,09,02,415.8,standard_lowfare,2019-09-02
0,2019,09,03,254.9,standard_lowfare,2019-09-03
1,2019,09,03,398.7,standard_lowfare,2019-09-03
2,2019,09,03,415.8,standard_lowfare,2019-09-03
3,2019,09,03,416.6,standard_lowfare,2019-09-03
4,2019,09,03,416.6,standard_lowfare,2019-09-03
5,2019,09,03,415.8,standard_lowfare,2019-09-03
0,2019,09,04,387.7,standard_lowfare,2019-09-04
1,2019,09,04,365.8,standard_lowfare,2019-09-04
2,2019,09,04,387.7,standard_lowfare,2019-09-04
3,2019,09,04,387.7,standard_lowfare,2019-09-04
4,2019,09,04,555.8,standard_lowfare,2019-09-04
5,2019,09,04,387.7,standard_lowfare,2019-09-04
6,2019,09,04,388.7,standard_lowfare,2019-09-04
0,2019,09,05,388.7,standard_lowfare,2019-09-05
1,2019,09,05,376.6,standard_lowfare,2019-09-05
2,2019,09,05,376.6,standard_lowfare,2019-09-05
3,2019,09,05,376.6,standard_lowfare,2019-09-05
4,2019,09,05,547.1,standard_lowfare,2019-09-05
5,2019,09,05,365.8,standard_lowfare,2019-09-05
6,2019,09,05,376.6,standard_lowfare,2019-09-05
0,2019,09,06,344.9,standard_lowfare,2019-09-06
0,2019,09,07,484.2,standard_lowfare,2019-09-07
1,2019,09,07,416.6,standard_lowfare,2019-09-07
2,2019,09,07,416.6,standard_lowfare,2019-09-07
3,2019,09,07,717.0,standard_lowfare,2019-09-07
4,2019,09,07,416.6,standard_lowfare,2019-09-07
5,2019,09,07,453.8,standard_lowfare,2019-09-07
6,2019,09,07,611.1,standard_lowfare,2019-09-07
7,2019,09,07,453.8,standard_lowfare,2019-09-07
8,2019,09,07,416.6,standard_lowfare,2019-09-07
0,2019,09,08,413.9,standard_lowfare,2019-09-08
1,2019,09,08,371.4,standard_lowfare,2019-09-08
2,2019,09,08,437.7,standard_lowfare,2019-09-08
3,2019,09,08,413.9,standard_lowfare,2019-09-08
4,2019,09,08,348.7,standard_lowfare,2019-09-08
0,2019,09,09,299.9,standard_lowfare,2019-09-09
1,2019,09,09,388.7,standard_lowfare,2019-09-09
2,2019,09,09,505.8,standard_lowfare,2019-09-09
3,2019,09,09,365.8,standard_lowfare,2019-09-09
0,2019,09,10,254.9,standard_lowfare,2019-09-10
1,2019,09,10,358.7,standard_lowfare,2019-09-10
2,2019,09,10,325.8,standard_lowfare,2019-09-10
3,2019,09,10,376.6,standard_lowfare,2019-09-10
4,2019,09,10,376.6,standard_lowfare,2019-09-10
5,2019,09,10,325.8,standard_lowfare,2019-09-10
0,2019,09,11,387.7,standard_lowfare,2019-09-11
1,2019,09,11,348.7,standard_lowfare,2019-09-11
2,2019,09,11,387.7,standard_lowfare,2019-09-11
3,2019,09,11,387.7,standard_lowfare,2019-09-11
4,2019,09,11,555.8,standard_lowfare,2019-09-11
5,2019,09,11,387.7,standard_lowfare,2019-09-11
6,2019,09,11,325.8,standard_lowfare,2019-09-11
0,2019,09,12,325.8,standard_lowfare,2019-09-12
1,2019,09,12,416.6,standard_lowfare,2019-09-12
2,2019,09,12,416.6,standard_lowfare,2019-09-12
3,2019,09,12,416.6,standard_lowfare,2019-09-12
4,2019,09,12,484.2,standard_lowfare,2019-09-12
5,2019,09,12,325.8,standard_lowfare,2019-09-12
6,2019,09,12,416.6,standard_lowfare,2019-09-12
0,2019,09,13,344.9,standard_lowfare,2019-09-13
0,2019,09,14,394.2,standard_lowfare,2019-09-14
1,2019,09,14,416.6,standard_lowfare,2019-09-14
2,2019,09,14,416.6,standard_lowfare,2019-09-14
3,2019,09,14,971.1,standard_lowfare,2019-09-14
4,2019,09,14,416.6,standard_lowfare,2019-09-14
5,2019,09,14,379.0,standard_lowfare,2019-09-14
6,2019,09,14,571.1,standard_lowfare,2019-09-14
7,2019,09,14,363.8,standard_lowfare,2019-09-14
8,2019,09,14,416.6,standard_lowfare,2019-09-14
0,2019,09,15,437.7,standard_lowfare,2019-09-15
1,2019,09,15,379.0,standard_lowfare,2019-09-15
2,2019,09,15,437.7,standard_lowfare,2019-09-15
3,2019,09,15,437.7,standard_lowfare,2019-09-15
4,2019,09,15,325.8,standard_lowfare,2019-09-15
0,2019,09,16,299.9,standard_lowfare,2019-09-16
1,2019,09,16,325.8,standard_lowfare,2019-09-16
2,2019,09,16,521.1,standard_lowfare,2019-09-16
3,2019,09,16,325.8,standard_lowfare,2019-09-16
0,2019,09,17,254.9,standard_lowfare,2019-09-17
1,2019,09,17,376.6,standard_lowfare,2019-09-17
2,2019,09,17,285.8,standard_lowfare,2019-09-17
3,2019,09,17,376.6,standard_lowfare,2019-09-17
4,2019,09,17,376.6,standard_lowfare,2019-09-17
5,2019,09,17,285.8,standard_lowfare,2019-09-17
0,2019,09,18,437.7,standard_lowfare,2019-09-18
1,2019,09,18,285.8,standard_lowfare,2019-09-18
2,2019,09,18,437.7,standard_lowfare,2019-09-18
3,2019,09,18,437.7,standard_lowfare,2019-09-18
4,2019,09,18,566.7,standard_lowfare,2019-09-18
5,2019,09,18,437.7,standard_lowfare,2019-09-18
6,2019,09,18,285.8,standard_lowfare,2019-09-18
0,2019,09,19,396.2,standard_lowfare,2019-09-19
1,2019,09,19,416.6,standard_lowfare,2019-09-19
2,2019,09,19,416.6,standard_lowfare,2019-09-19
3,2019,09,19,416.6,standard_lowfare,2019-09-19
4,2019,09,19,505.6,standard_lowfare,2019-09-19
5,2019,09,19,396.2,standard_lowfare,2019-09-19
6,2019,09,19,416.6,standard_lowfare,2019-09-19
0,2019,09,20,344.9,standard_lowfare,2019-09-20
0,2019,09,21,434.2,standard_lowfare,2019-09-21
1,2019,09,21,376.6,standard_lowfare,2019-09-21
2,2019,09,21,376.6,standard_lowfare,2019-09-21
3,2019,09,21,644.1,standard_lowfare,2019-09-21
4,2019,09,21,376.6,standard_lowfare,2019-09-21
5,2019,09,21,403.8,standard_lowfare,2019-09-21
6,2019,09,21,516.7,standard_lowfare,2019-09-21
7,2019,09,21,403.8,standard_lowfare,2019-09-21
8,2019,09,21,376.6,standard_lowfare,2019-09-21
0,2019,09,22,437.7,standard_lowfare,2019-09-22
1,2019,09,22,411.4,standard_lowfare,2019-09-22
2,2019,09,22,437.7,standard_lowfare,2019-09-22
3,2019,09,22,437.7,standard_lowfare,2019-09-22
4,2019,09,22,365.8,standard_lowfare,2019-09-22
0,2019,09,23,254.9,standard_lowfare,2019-09-23
1,2019,09,23,348.7,standard_lowfare,2019-09-23
2,2019,09,23,415.8,standard_lowfare,2019-09-23
3,2019,09,23,348.7,standard_lowfare,2019-09-23
0,2019,09,24,224.9,standard_lowfare,2019-09-24
1,2019,09,24,358.7,standard_lowfare,2019-09-24
2,2019,09,24,285.8,standard_lowfare,2019-09-24
3,2019,09,24,376.6,standard_lowfare,2019-09-24
4,2019,09,24,376.6,standard_lowfare,2019-09-24
5,2019,09,24,285.8,standard_lowfare,2019-09-24
0,2019,09,25,437.7,standard_lowfare,2019-09-25
1,2019,09,25,325.8,standard_lowfare,2019-09-25
2,2019,09,25,471.0,standard_lowfare,2019-09-25
3,2019,09,25,437.7,standard_lowfare,2019-09-25
4,2019,09,25,415.8,standard_lowfare,2019-09-25
5,2019,09,25,437.7,standard_lowfare,2019-09-25
6,2019,09,25,325.8,standard_lowfare,2019-09-25
0,2019,09,26,325.8,standard_lowfare,2019-09-26
1,2019,09,26,416.6,standard_lowfare,2019-09-26
2,2019,09,26,416.6,standard_lowfare,2019-09-26
3,2019,09,26,416.6,standard_lowfare,2019-09-26
4,2019,09,26,442.8,standard_lowfare,2019-09-26
5,2019,09,26,325.8,standard_lowfare,2019-09-26
6,2019,09,26,416.6,standard_lowfare,2019-09-26
0,2019,09,27,254.9,standard_lowfare,2019-09-27
0,2019,09,28,434.2,standard_lowfare,2019-09-28
1,2019,09,28,416.6,standard_lowfare,2019-09-28
2,2019,09,28,416.6,standard_lowfare,2019-09-28
3,2019,09,28,505.6,standard_lowfare,2019-09-28
4,2019,09,28,416.6,standard_lowfare,2019-09-28
5,2019,09,28,403.8,standard_lowfare,2019-09-28
6,2019,09,28,476.7,standard_lowfare,2019-09-28
7,2019,09,28,403.8,standard_lowfare,2019-09-28
8,2019,09,28,416.6,standard_lowfare,2019-09-28
0,2019,09,29,413.9,standard_lowfare,2019-09-29
1,2019,09,29,371.4,standard_lowfare,2019-09-29
2,2019,09,29,437.7,standard_lowfare,2019-09-29
3,2019,09,29,413.9,standard_lowfare,2019-09-29
4,2019,09,29,325.8,standard_lowfare,2019-09-29
0,2019,09,30,299.9,standard_lowfare,2019-09-30
1,2019,09,30,308.7,standard_lowfare,2019-09-30
2,2019,09,30,375.8,standard_lowfare,2019-09-30
3,2019,09,30,308.7,standard_lowfare,2019-09-30
0,2019,10,01,224.9,standard_lowfare,2019-10-01
1,2019,10,01,358.7,standard_lowfare,2019-10-01
2,2019,10,01,271.8,standard_lowfare,2019-10-01
3,2019,10,01,376.6,standard_lowfare,2019-10-01
4,2019,10,01,376.6,standard_lowfare,2019-10-01
5,2019,10,01,271.8,standard_lowfare,2019-10-01
0,2019,10,02,387.7,standard_lowfare,2019-10-02
1,2019,10,02,309.0,standard_lowfare,2019-10-02
2,2019,10,02,387.7,standard_lowfare,2019-10-02
3,2019,10,02,387.7,standard_lowfare,2019-10-02
4,2019,10,02,415.8,standard_lowfare,2019-10-02
5,2019,10,02,387.7,standard_lowfare,2019-10-02
6,2019,10,02,255.8,standard_lowfare,2019-10-02
0,2019,10,03,271.8,standard_lowfare,2019-10-03
1,2019,10,03,376.6,standard_lowfare,2019-10-03
2,2019,10,03,376.6,standard_lowfare,2019-10-03
3,2019,10,03,376.6,standard_lowfare,2019-10-03
4,2019,10,03,364.2,standard_lowfare,2019-10-03
5,2019,10,03,271.8,standard_lowfare,2019-10-03
6,2019,10,03,376.6,standard_lowfare,2019-10-03
0,2019,10,04,254.9,standard_lowfare,2019-10-04
0,2019,10,05,354.2,standard_lowfare,2019-10-05
1,2019,10,05,376.6,standard_lowfare,2019-10-05
2,2019,10,05,376.6,standard_lowfare,2019-10-05
3,2019,10,05,537.0,standard_lowfare,2019-10-05
4,2019,10,05,376.6,standard_lowfare,2019-10-05
5,2019,10,05,323.8,standard_lowfare,2019-10-05
6,2019,10,05,391.1,standard_lowfare,2019-10-05
7,2019,10,05,323.8,standard_lowfare,2019-10-05
8,2019,10,05,376.6,standard_lowfare,2019-10-05
0,2019,10,06,477.7,standard_lowfare,2019-10-06
1,2019,10,06,281.4,standard_lowfare,2019-10-06
2,2019,10,06,477.7,standard_lowfare,2019-10-06
3,2019,10,06,477.7,standard_lowfare,2019-10-06
4,2019,10,06,296.6,standard_lowfare,2019-10-06
0,2019,10,07,254.9,standard_lowfare,2019-10-07
1,2019,10,07,255.8,standard_lowfare,2019-10-07
2,2019,10,07,375.8,standard_lowfare,2019-10-07
3,2019,10,07,255.8,standard_lowfare,2019-10-07
0,2019,10,08,224.9,standard_lowfare,2019-10-08
1,2019,10,08,376.6,standard_lowfare,2019-10-08
2,2019,10,08,235.8,standard_lowfare,2019-10-08
3,2019,10,08,376.6,standard_lowfare,2019-10-08
4,2019,10,08,376.6,standard_lowfare,2019-10-08
5,2019,10,08,235.8,standard_lowfare,2019-10-08
0,2019,10,09,387.7,standard_lowfare,2019-10-09
1,2019,10,09,271.8,standard_lowfare,2019-10-09
2,2019,10,09,387.7,standard_lowfare,2019-10-09
3,2019,10,09,387.7,standard_lowfare,2019-10-09
4,2019,10,09,415.8,standard_lowfare,2019-10-09
5,2019,10,09,387.7,standard_lowfare,2019-10-09
6,2019,10,09,271.8,standard_lowfare,2019-10-09
0,2019,10,10,286.2,standard_lowfare,2019-10-10
1,2019,10,10,376.6,standard_lowfare,2019-10-10
2,2019,10,10,376.6,standard_lowfare,2019-10-10
3,2019,10,10,376.6,standard_lowfare,2019-10-10
4,2019,10,10,340.0,standard_lowfare,2019-10-10
5,2019,10,10,255.8,standard_lowfare,2019-10-10
6,2019,10,10,376.6,standard_lowfare,2019-10-10
0,2019,10,11,299.9,standard_lowfare,2019-10-11
0,2019,10,12,354.2,standard_lowfare,2019-10-12
1,2019,10,12,376.6,standard_lowfare,2019-10-12
2,2019,10,12,376.6,standard_lowfare,2019-10-12
3,2019,10,12,418.5,standard_lowfare,2019-10-12
4,2019,10,12,376.6,standard_lowfare,2019-10-12
5,2019,10,12,323.8,standard_lowfare,2019-10-12
6,2019,10,12,391.1,standard_lowfare,2019-10-12
7,2019,10,12,323.8,standard_lowfare,2019-10-12
8,2019,10,12,376.6,standard_lowfare,2019-10-12
0,2019,10,13,413.9,standard_lowfare,2019-10-13
1,2019,10,13,301.4,standard_lowfare,2019-10-13
2,2019,10,13,413.9,standard_lowfare,2019-10-13
3,2019,10,13,413.9,standard_lowfare,2019-10-13
4,2019,10,13,255.8,standard_lowfare,2019-10-13
0,2019,10,14,194.9,standard_lowfare,2019-10-14
1,2019,10,14,255.8,standard_lowfare,2019-10-14
2,2019,10,14,351.1,standard_lowfare,2019-10-14
3,2019,10,14,255.8,standard_lowfare,2019-10-14
0,2019,10,15,224.9,standard_lowfare,2019-10-15
1,2019,10,15,358.7,standard_lowfare,2019-10-15
2,2019,10,15,266.2,standard_lowfare,2019-10-15
3,2019,10,15,376.6,standard_lowfare,2019-10-15
4,2019,10,15,376.6,standard_lowfare,2019-10-15
5,2019,10,15,235.8,standard_lowfare,2019-10-15
0,2019,10,16,353.7,standard_lowfare,2019-10-16
1,2019,10,16,304.2,standard_lowfare,2019-10-16
2,2019,10,16,347.7,standard_lowfare,2019-10-16
3,2019,10,16,347.7,standard_lowfare,2019-10-16
4,2019,10,16,512.9,standard_lowfare,2019-10-16
5,2019,10,16,347.7,standard_lowfare,2019-10-16
6,2019,10,16,304.2,standard_lowfare,2019-10-16
0,2019,10,17,319.3,standard_lowfare,2019-10-17
1,2019,10,17,266.6,standard_lowfare,2019-10-17
2,2019,10,17,266.6,standard_lowfare,2019-10-17
3,2019,10,17,266.6,standard_lowfare,2019-10-17
4,2019,10,17,388.5,standard_lowfare,2019-10-17
5,2019,10,17,319.3,standard_lowfare,2019-10-17
6,2019,10,17,266.6,standard_lowfare,2019-10-17
0,2019,10,18,434.9,standard_lowfare,2019-10-18
0,2019,10,19,399.7,standard_lowfare,2019-10-19
1,2019,10,19,430.0,standard_lowfare,2019-10-19
2,2019,10,19,430.0,standard_lowfare,2019-10-19
3,2019,10,19,575.5,standard_lowfare,2019-10-19
4,2019,10,19,416.6,standard_lowfare,2019-10-19
5,2019,10,19,384.5,standard_lowfare,2019-10-19
6,2019,10,19,518.6,standard_lowfare,2019-10-19
7,2019,10,19,384.5,standard_lowfare,2019-10-19
8,2019,10,19,416.6,standard_lowfare,2019-10-19
0,2019,10,20,363.9,standard_lowfare,2019-10-20
1,2019,10,20,304.2,standard_lowfare,2019-10-20
2,2019,10,20,363.9,standard_lowfare,2019-10-20
3,2019,10,20,363.9,standard_lowfare,2019-10-20
4,2019,10,20,304.2,standard_lowfare,2019-10-20
0,2019,10,21,299.9,standard_lowfare,2019-10-21
1,2019,10,21,235.8,standard_lowfare,2019-10-21
2,2019,10,21,235.8,standard_lowfare,2019-10-21
0,2019,10,22,254.9,standard_lowfare,2019-10-22
1,2019,10,22,358.7,standard_lowfare,2019-10-22
2,2019,10,22,235.8,standard_lowfare,2019-10-22
3,2019,10,22,376.6,standard_lowfare,2019-10-22
4,2019,10,22,376.6,standard_lowfare,2019-10-22
5,2019,10,22,235.8,standard_lowfare,2019-10-22
0,2019,10,23,323.9,standard_lowfare,2019-10-23
1,2019,10,23,235.8,standard_lowfare,2019-10-23
2,2019,10,23,323.9,standard_lowfare,2019-10-23
3,2019,10,23,347.7,standard_lowfare,2019-10-23
4,2019,10,23,335.8,standard_lowfare,2019-10-23
5,2019,10,23,323.9,standard_lowfare,2019-10-23
6,2019,10,23,235.8,standard_lowfare,2019-10-23
0,2019,10,24,235.8,standard_lowfare,2019-10-24
1,2019,10,24,376.6,standard_lowfare,2019-10-24
2,2019,10,24,390.0,standard_lowfare,2019-10-24
3,2019,10,24,376.6,standard_lowfare,2019-10-24
4,2019,10,24,294.2,standard_lowfare,2019-10-24
5,2019,10,24,235.8,standard_lowfare,2019-10-24
6,2019,10,24,401.2,standard_lowfare,2019-10-24
0,2019,10,25,299.9,standard_lowfare,2019-10-25
0,2019,10,26,434.2,standard_lowfare,2019-10-26
1,2019,10,26,403.8,standard_lowfare,2019-10-26
2,2019,10,26,403.8,standard_lowfare,2019-10-26
0,2019,10,27,371.4,standard_lowfare,2019-10-27
1,2019,10,27,371.4,standard_lowfare,2019-10-27
2,2019,10,27,371.4,standard_lowfare,2019-10-27
3,2019,10,27,305.7,standard_lowfare,2019-10-27
4,2019,10,27,325.8,standard_lowfare,2019-10-27
0,2019,10,28,294.7,standard_lowfare,2019-10-28
1,2019,10,28,271.8,standard_lowfare,2019-10-28
2,2019,10,28,271.8,standard_lowfare,2019-10-28
3,2019,10,28,271.8,standard_lowfare,2019-10-28
0,2019,10,29,255.8,standard_lowfare,2019-10-29
1,2019,10,29,255.8,standard_lowfare,2019-10-29
2,2019,10,29,255.8,standard_lowfare,2019-10-29
3,2019,10,29,255.8,standard_lowfare,2019-10-29
0,2019,10,30,255.8,standard_lowfare,2019-10-30
1,2019,10,30,255.8,standard_lowfare,2019-10-30
2,2019,10,30,255.8,standard_lowfare,2019-10-30
0,2019,10,31,294.7,standard_lowfare,2019-10-31
1,2019,10,31,271.8,standard_lowfare,2019-10-31
2,2019,10,31,271.8,standard_lowfare,2019-10-31
3,2019,10,31,271.8,standard_lowfare,2019-10-31
0,2019,11,02,374.2,standard_lowfare,2019-11-02
1,2019,11,02,343.8,standard_lowfare,2019-11-02
2,2019,11,02,343.8,standard_lowfare,2019-11-02
